d0ed68bf3398cfcd689e25bb89c88d86e42741c3,DELETE,regular-file,node_modules/.prisma/client/query_engine-windows.dll.node,133,
46db36ecd74a0ea23498c4cc8d757532e95b1325,DELETE,regular-file,node_modules/@next/.swc-win32-x64-msvc-T9YUXJxm/next-swc.win32-x64-msvc.node,134,
86fab14cc61b221df3faba48fc843ab2973f012f,DELETE,regular-file,node_modules/@next/swc-win32-x64-msvc/next-swc.win32-x64-msvc.node,134,
d0ed68bf3398cfcd689e25bb89c88d86e42741c3,DELETE,regular-file,node_modules/@prisma/engines/query_engine-windows.dll.node,133,
37c9e684b0c177677c27b72fad376baba7a856c1,DELETE,regular-file,node_modules/@unrs/resolver-binding-win32-x64-msvc/resolver.win32-x64-msvc.node,132,
747aade9acb55e1b15e71d328a541844f53d62d3,DELETE,regular-file,node_modules/bcrypt/prebuilds/darwin-arm64/bcrypt.node,130,
8d6b8f824da4b637e83c169ed9d1f85223c9aec9,DELETE,regular-file,node_modules/bcrypt/prebuilds/darwin-x64/bcrypt.node,130,
aafbb760665c580401a55d136be2cfd5dda322aa,DELETE,regular-file,node_modules/bcrypt/prebuilds/linux-arm/bcrypt.glibc.node,130,
14c1ba848d0ad641387978271e2f3cfd73f5508c,DELETE,regular-file,node_modules/bcrypt/prebuilds/linux-arm/bcrypt.musl.node,130,
41671ae1ef67776c38e3069fa085a616697fada1,DELETE,regular-file,node_modules/bcrypt/prebuilds/linux-arm64/bcrypt.glibc.node,130,
b9876b2e4bf6c32ff6ef3cf93f42b60b4c976ce4,DELETE,regular-file,node_modules/bcrypt/prebuilds/linux-arm64/bcrypt.musl.node,130,
fec4601188e95aaac022e05d358e02f270185350,DELETE,regular-file,node_modules/bcrypt/prebuilds/linux-x64/bcrypt.glibc.node,130,
f85b29550ec5fa096d16c77b1048c998ac886ee8,DELETE,regular-file,node_modules/bcrypt/prebuilds/linux-x64/bcrypt.musl.node,130,
530a838668f8ea59dc715d7c967e00d6f4c880ac,DELETE,regular-file,node_modules/bcrypt/prebuilds/win32-arm64/bcrypt.node,131,
ee4c263f8859cc41e7f01c8fef3e33c51f218fc4,DELETE,regular-file,node_modules/bcrypt/prebuilds/win32-x64/bcrypt.node,131,
d0ed68bf3398cfcd689e25bb89c88d86e42741c3,DELETE,regular-file,node_modules/prisma/engines/605197351a3c8bdd595af2d2a9bc3025bca48ea2/query_engine-windows.dll.node,133,
d0ed68bf3398cfcd689e25bb89c88d86e42741c3,DELETE,regular-file,node_modules/prisma/query_engine-windows.dll.node,133,
